{"cameraMode":{"drawMode":0,"name":"Shaded","section":"Shading Mode"},"sceneLighting":true,"audioPlay":false,"sceneViewState":{"m_AlwaysRefresh":false,"showFog":true,"showSkybox":true,"showFlares":true,"showImageEffects":true,"showParticleSystems":true,"showVisualEffectGraphs":true,"m_FxEnabled":true},"in2DMode":false,"pivot":{"x":-0.9321165084838867,"y":-0.22551655769348145,"z":-3.2082841396331789},"rotation":{"x":-0.043645523488521579,"y":0.947397768497467,"z":-0.13397379219532014,"w":-0.2884410619735718},"size":3.161353826522827,"orthographic":false}