{"cameraMode":{"drawMode":0,"name":"Shaded","section":"Shading Mode"},"sceneLighting":true,"audioPlay":false,"sceneViewState":{"m_AlwaysRefresh":false,"showFog":true,"showSkybox":true,"showFlares":true,"showImageEffects":true,"showParticleSystems":true,"showVisualEffectGraphs":true,"m_FxEnabled":true},"in2DMode":false,"pivot":{"x":-0.7377139925956726,"y":-0.557803213596344,"z":2.061741590499878},"rotation":{"x":0.1531587690114975,"y":-0.11440205574035645,"z":0.017869887873530389,"w":0.9814344048500061},"size":1.7660253047943116,"orthographic":false}