{"cameraMode":{"drawMode":0,"name":"Shaded","section":"Shading Mode"},"sceneLighting":true,"audioPlay":false,"sceneViewState":{"m_AlwaysRefresh":false,"showFog":true,"showSkybox":true,"showFlares":true,"showImageEffects":true,"showParticleSystems":true,"showVisualEffectGraphs":true,"m_FxEnabled":true},"in2DMode":false,"pivot":{"x":-16.543502807617189,"y":45.157405853271487,"z":-53.560943603515628},"rotation":{"x":-0.04345105215907097,"y":0.8482689261436462,"z":-0.06513549387454987,"w":-0.5243787169456482},"size":361.80450439453127,"orthographic":false}